,UUID,Images
0,465628c4-b044-11e9-8f8c-acde48001122,set_20/file19.jpg
1,46562aa4-b044-11e9-8f8c-acde48001122,set_20/file3.jpg
2,46562afe-b044-11e9-8f8c-acde48001122,set_20/file2.jpg
3,46562b3a-b044-11e9-8f8c-acde48001122,set_20/file18.jpg
4,46562b76-b044-11e9-8f8c-acde48001122,set_20/file1.jpg
5,46562ba8-b044-11e9-8f8c-acde48001122,set_20/file5.jpg
6,46562bda-b044-11e9-8f8c-acde48001122,set_20/file4.jpg
7,46562c0c-b044-11e9-8f8c-acde48001122,set_20/file20.jpg
8,46562c3e-b044-11e9-8f8c-acde48001122,set_20/file6.jpg
9,46562c66-b044-11e9-8f8c-acde48001122,set_20/file7.jpg
10,46562c98-b044-11e9-8f8c-acde48001122,set_20/file10.jpg
11,46562cd4-b044-11e9-8f8c-acde48001122,set_20/file11.jpg
12,46562d42-b044-11e9-8f8c-acde48001122,set_20/file13.jpg
13,46562d74-b044-11e9-8f8c-acde48001122,set_20/file9.jpg
14,46562da6-b044-11e9-8f8c-acde48001122,set_20/file8.jpg
15,46562dd8-b044-11e9-8f8c-acde48001122,set_20/file12.jpg
16,46562e00-b044-11e9-8f8c-acde48001122,set_20/file16.jpg
17,46562e32-b044-11e9-8f8c-acde48001122,set_20/file17.jpg
18,46562e5a-b044-11e9-8f8c-acde48001122,set_20/file15.jpg
19,46562e8c-b044-11e9-8f8c-acde48001122,set_20/file14.jpg
